Table with row headers in column A and column headers in rows 5 through 6.,,,,,,,,,,,,,,,,,,,,,,,,,,,,,,,,,
"Table  A-2.  Percent of People 25 Years and Over Who Have Completed High School or College, by Race, Hispanic Origin and Sex:  Selected Years 1940 to 2020",,,,,,,,,,,,,,,,,,,,,,,,,,,,,,,,,
(Noninstitutionalized population),,,,,,,,,,,,,,,,,,,,,,,,,,,,,,,,,
,,,,,,,,,,,,,,,,,,,,,,,,,,,,,,,,,
Age and year,,,All races,,,White,,,Non-Hispanic White,,,Black,,,Asian,,,"Hispanic 
(of any race)",,,White alone or in combination,,,Non-Hispanic White alone or in combination,,,Black alone or in combination,,,Asian alone or in combination,,,
,,,Total,Male,Female,Total,Male,Female,Total,Male,Female,Total,Male,Female,Total,Male,Female,Total,Male,Female,Total,Male,Female,Total,Male,Female,Total,Male,Female,Total,Male,Female,
,,,,,,,,,,,,,,,,,,,,,,,,,,,,,,,,,
25 YEARS AND OLDER,,,,,,,,,,,,,,,,,,,,,,,,,,,,,,,,,
,,,,,,,,,,,,,,,,,,,,,,,,,,,,,,,,,
,Completed 4 Years of High School or more,,,,,,,,,,,,,,,,,,,,,,,,,,,,,,,,
,,2020,90.9,90.6,91.3,91.3,90.8,91.7,95.1,94.8,95.4,89.4,88.6,90.0,91.6,92.6,90.7,74.3,73.8,74.8,91.2,90.8,91.6,95.1,94.8,95.4,89.5,88.8,90.1,91.7,92.7,90.9,
,,2019,90.1,89.6,90.5,90.5,89.9,91.0,94.6,94.2,95.0,87.9,87.1,88.6,91.2,92.8,89.8,71.8,70.8,72.8,90.4,89.9,91.0,94.6,94.2,94.9,88.0,87.1,88.8,91.5,92.9,90.1,
,,2018,89.8,89.4,90.2,90.2,89.6,90.8,94.3,93.9,94.7,87.9,87.7,88.1,90.5,92.7,88.6,71.6,70.7,72.5,90.2,89.5,90.7,94.3,93.9,94.6,87.9,87.6,88.2,90.7,92.9,88.8,
,,2017,89.6,89.1,90.0,90.1,89.5,90.6,94.1,93.7,94.5,87.3,86.5,87.9,90.9,92.6,89.4,70.5,69.5,71.6,90.0,89.4,90.5,94.1,93.7,94.5,87.2,86.3,88.0,91.1,92.7,89.7,
,,2016,89.1,88.5,89.6,89.5,88.8,90.1,93.8,93.4,94.3,87.1,86.4,87.7,90.3,91.9,89.0,68.5,67.2,69.7,89.4,88.8,90.1,93.8,93.4,94.3,87.2,86.5,87.7,90.6,92.0,89.4,
,,2015,88.4,88.0,88.8,88.8,88.3,89.3,93.3,93.0,93.5,87.0,86.4,87.6,89.1,91.0,87.4,66.7,65.5,67.8,88.7,88.2,89.2,93.3,93.0,93.5,87.1,86.4,87.6,89.3,91.1,87.7,
,,2014,88.3,87.7,88.9,88.8,88.0,89.6,93.1,92.5,93.7,85.8,85.3,86.2,89.5,91.9,87.4,66.5,65.1,67.9,88.7,87.9,89.5,93.1,92.6,93.7,85.8,85.2,86.3,89.9,92.2,87.9,
,,2013,88.2,87.6,88.6,88.6,88.0,89.2,92.9,92.7,93.2,85.1,84.1,86.0,90.1,91.5,89.0,66.2,64.6,67.9,88.6,88.0,89.2,92.9,92.7,93.1,85.1,84.1,85.9,90.3,91.6,89.2,
,,2012,87.6,87.3,88.0,88.1,87.6,88.5,92.5,92.2,92.7,85.0,84.3,85.5,88.9,90.4,87.6,65.0,64.0,66.0,88.1,87.6,88.5,92.5,92.2,92.7,85.1,84.5,85.6,89.0,90.5,87.8,
,,2011,87.6,87.1,88.0,88.1,87.4,88.6,92.4,92.0,92.8,84.5,83.8,85.0,88.6,90.4,87.1,64.3,63.6,65.1,88.0,87.4,88.6,92.4,92.0,92.7,84.6,83.9,85.1,88.9,90.6,87.4,
,,2010,87.1,86.6,87.6,87.6,86.9,88.2,92.1,91.8,92.3,84.2,83.6,84.6,88.9,91.2,87.0,62.9,61.4,64.4,87.6,86.8,88.2,92.0,91.7,92.3,84.2,83.5,84.8,89.1,91.2,87.3,
,,2009,86.7,86.2,87.1,87.1,86.5,87.7,91.6,91.4,91.9,84.1,84.0,84.1,88.2,90.4,86.2,61.9,60.6,63.3,87.1,86.4,87.7,91.6,91.4,91.8,84.1,83.9,84.2,88.3,90.6,86.4,
,,2008,86.6,85.9,87.2,87.1,86.3,87.8,91.5,91.1,91.8,83.0,81.8,84.0,88.7,90.8,86.9,62.3,60.9,63.7,87.1,86.3,87.8,91.4,91.1,91.8,83.2,81.9,84.1,89.0,90.9,87.2,
,,2007,85.7,85.0,86.4,86.2,85.3,87.1,90.6,90.2,91.0,82.3,81.9,82.6,87.8,89.8,85.9,60.3,58.2,62.5,86.2,85.3,87.0,90.6,90.2,91.0,82.4,82.0,82.6,87.8,89.2,86.5,
,,2006,85.5,85.0,85.9,86.1,85.5,86.7,90.5,90.2,90.8,80.7,80.1,81.2,87.4,89.6,85.5,59.3,58.5,60.1,86.1,85.5,86.7,90.5,90.2,90.8,80.8,80.3,81.2,87.6,89.6,85.8,
,,2005,85.2,84.9,85.5,85.8,85.2,86.2,90.1,89.9,90.3,81.1,81.0,81.2,87.6,90.4,85.2,58.5,57.9,59.1,85.7,85.2,86.2,90.1,89.9,90.3,81.3,81.2,81.3,87.9,90.5,85.6,
,,2004,85.2,84.8,85.4,85.8,85.3,86.3,90.0,89.9,90.1,80.6,80.4,80.8,86.8,88.7,85.0,58.4,57.3,59.5,85.8,85.3,86.2,90.0,89.9,90.1,80.6,80.3,80.9,86.9,88.8,85.2,
,,2003,84.6,84.1,85.0,85.1,84.5,85.7,89.4,89.0,89.7,80.0,79.6,80.3,87.6,89.5,86.0,57.0,56.3,57.8,85.1,84.5,85.7,89.4,89.0,89.6,80.0,79.5,80.3,87.8,89.7,86.1,
,,2002,84.1,83.8,84.4,84.8,84.3,85.2,88.7,88.5,88.9,78.7,78.5,78.9,(NA),(NA),(NA),57.0,56.1,57.9,(NA),(NA),(NA),(NA),(NA),(NA),(NA),(NA),(NA),(NA),(NA),(NA),
,,2001,84.1,84.1,84.2,84.8,84.4,85.1,88.6,88.6,88.6,78.8,79.2,78.5,(NA),(NA),(NA),56.8,55.5,58.0,(NA),(NA),(NA),(NA),(NA),(NA),(NA),(NA),(NA),(NA),(NA),(NA),
,,2000,84.1,84.2,84.0,84.9,84.8,85.0,88.4,88.5,88.4,78.5,78.7,78.3,(NA),(NA),(NA),57.0,56.6,57.5,(NA),(NA),(NA),(NA),(NA),(NA),(NA),(NA),(NA),(NA),(NA),(NA),
,,1999,83.4,83.4,83.4,84.3,84.2,84.3,87.7,87.7,87.7,77.0,76.7,77.2,(NA),(NA),(NA),56.1,56.0,56.3,(NA),(NA),(NA),(NA),(NA),(NA),(NA),(NA),(NA),(NA),(NA),(NA),
,,1998,82.8,82.8,82.9,83.7,83.6,83.8,87.1,87.1,87.1,76.0,75.2,76.7,(NA),(NA),(NA),55.5,55.7,55.3,(NA),(NA),(NA),(NA),(NA),(NA),(NA),(NA),(NA),(NA),(NA),(NA),
,,1997,82.1,82.0,82.2,83.0,82.9,83.2,86.3,86.3,86.3,74.9,73.5,76.0,(NA),(NA),(NA),54.7,54.9,54.6,(NA),(NA),(NA),(NA),(NA),(NA),(NA),(NA),(NA),(NA),(NA),(NA),
,,1996,81.7,81.9,81.6,82.8,82.7,82.8,86.0,86.1,85.9,74.3,74.3,74.2,(NA),(NA),(NA),53.1,53.0,53.3,(NA),(NA),(NA),(NA),(NA),(NA),(NA),(NA),(NA),(NA),(NA),(NA),
,,1995,81.7,81.7,81.6,83.0,83.0,83.0,85.9,86.0,85.8,73.8,73.4,74.1,(NA),(NA),(NA),53.4,52.9,53.8,(NA),(NA),(NA),(NA),(NA),(NA),(NA),(NA),(NA),(NA),(NA),(NA),
,,1994,80.9,81.0,80.7,82.0,82.1,81.9,84.9,85.1,84.7,72.9,71.7,73.8,(NA),(NA),(NA),53.3,53.4,53.2,(NA),(NA),(NA),(NA),(NA),(NA),(NA),(NA),(NA),(NA),(NA),(NA),
,,1993,80.2,80.5,80.0,81.5,81.8,81.3,84.1,84.5,83.8,70.4,69.6,71.1,(NA),(NA),(NA),53.1,52.9,53.2,(NA),(NA),(NA),(NA),(NA),(NA),(NA),(NA),(NA),(NA),(NA),(NA),
,,1992,79.4,79.7,79.2,80.9,81.1,80.7,(NA),(NA),(NA),67.7,67.0,68.2,(NA),(NA),(NA),52.6,53.7,51.5,(NA),(NA),(NA),(NA),(NA),(NA),(NA),(NA),(NA),(NA),(NA),(NA),
,,1991,78.4,78.5,78.3,79.9,79.8,79.9,(NA),(NA),(NA),66.7,66.7,66.7,(NA),(NA),(NA),51.3,51.4,51.2,(NA),(NA),(NA),(NA),(NA),(NA),(NA),(NA),(NA),(NA),(NA),(NA),
,,1990,77.6,77.7,77.5,79.1,79.1,79.0,(NA),(NA),(NA),66.2,65.8,66.5,(NA),(NA),(NA),50.8,50.3,51.3,(NA),(NA),(NA),(NA),(NA),(NA),(NA),(NA),(NA),(NA),(NA),(NA),
,,1989,76.9,77.2,76.6,78.4,78.6,78.2,(NA),(NA),(NA),64.6,64.2,65.0,(NA),(NA),(NA),50.9,51.0,50.7,(NA),(NA),(NA),(NA),(NA),(NA),(NA),(NA),(NA),(NA),(NA),(NA),
,,1988,76.2,76.4,76.0,77.7,77.7,77.6,(NA),(NA),(NA),63.5,63.7,63.4,(NA),(NA),(NA),51.0,52.0,50.0,(NA),(NA),(NA),(NA),(NA),(NA),(NA),(NA),(NA),(NA),(NA),(NA),
,,1987,75.6,76.0,75.3,77.0,77.3,76.7,(NA),(NA),(NA),63.4,63.0,63.7,(NA),(NA),(NA),50.9,51.8,50.0,(NA),(NA),(NA),(NA),(NA),(NA),(NA),(NA),(NA),(NA),(NA),(NA),
,,1986,74.7,75.1,74.4,76.2,76.5,75.9,(NA),(NA),(NA),62.3,61.5,63.0,(NA),(NA),(NA),48.5,49.2,47.8,(NA),(NA),(NA),(NA),(NA),(NA),(NA),(NA),(NA),(NA),(NA),(NA),
,,1985,73.9,74.4,73.5,75.5,76.0,75.1,(NA),(NA),(NA),59.8,58.4,60.8,(NA),(NA),(NA),47.9,48.5,47.4,(NA),(NA),(NA),(NA),(NA),(NA),(NA),(NA),(NA),(NA),(NA),(NA),
,,1984,73.3,73.7,73.0,75.0,75.4,74.6,(NA),(NA),(NA),58.5,57.1,59.7,(NA),(NA),(NA),47.1,48.6,45.7,(NA),(NA),(NA),(NA),(NA),(NA),(NA),(NA),(NA),(NA),(NA),(NA),
,,1983,72.1,72.7,71.5,73.8,74.4,73.3,(NA),(NA),(NA),56.8,56.5,57.1,(NA),(NA),(NA),46.2,48.6,44.2,(NA),(NA),(NA),(NA),(NA),(NA),(NA),(NA),(NA),(NA),(NA),(NA),
,,1982,71.0,71.7,70.3,72.8,73.4,72.3,(NA),(NA),(NA),54.9,55.7,54.3,(NA),(NA),(NA),45.9,48.1,44.1,(NA),(NA),(NA),(NA),(NA),(NA),(NA),(NA),(NA),(NA),(NA),(NA),
,,1981,69.7,70.3,69.1,71.6,72.1,71.2,(NA),(NA),(NA),52.9,53.2,52.6,(NA),(NA),(NA),44.5,45.5,43.6,(NA),(NA),(NA),(NA),(NA),(NA),(NA),(NA),(NA),(NA),(NA),(NA),
,,1980,68.6,69.2,68.1,70.5,71.0,70.1,(NA),(NA),(NA),51.2,51.1,51.3,(NA),(NA),(NA),45.3,46.4,44.1,(NA),(NA),(NA),(NA),(NA),(NA),(NA),(NA),(NA),(NA),(NA),(NA),
,,1979,67.7,68.4,67.1,69.7,70.3,69.2,(NA),(NA),(NA),49.4,49.2,49.5,(NA),(NA),(NA),42.0,42.3,41.7,(NA),(NA),(NA),(NA),(NA),(NA),(NA),(NA),(NA),(NA),(NA),(NA),
,,1978,65.9,66.8,65.2,67.9,68.6,67.2,(NA),(NA),(NA),47.6,47.9,47.3,(NA),(NA),(NA),40.8,42.2,39.6,(NA),(NA),(NA),(NA),(NA),(NA),(NA),(NA),(NA),(NA),(NA),(NA),
,,1977,64.9,65.6,64.4,67.0,67.5,66.5,(NA),(NA),(NA),45.5,45.6,45.4,(NA),(NA),(NA),39.6,42.3,37.2,(NA),(NA),(NA),(NA),(NA),(NA),(NA),(NA),(NA),(NA),(NA),(NA),
,,1976,64.1,64.7,63.5,66.1,66.7,65.5,(NA),(NA),(NA),43.8,42.3,45.0,(NA),(NA),(NA),39.3,41.4,37.3,(NA),(NA),(NA),(NA),(NA),(NA),(NA),(NA),(NA),(NA),(NA),(NA),
,,1975,62.5,63.1,62.1,64.5,65.0,64.1,(NA),(NA),(NA),42.5,41.6,43.3,(NA),(NA),(NA),37.9,39.5,36.7,(NA),(NA),(NA),(NA),(NA),(NA),(NA),(NA),(NA),(NA),(NA),(NA),
,,1974,61.2,61.6,60.9,63.3,63.6,63.0,(NA),(NA),(NA),40.8,39.9,41.5,(NA),(NA),(NA),36.5,38.3,34.9,(NA),(NA),(NA),(NA),(NA),(NA),(NA),(NA),(NA),(NA),(NA),(NA),
,,1973,59.8,60.0,59.6,61.9,62.1,61.7,(NA),(NA),(NA),39.2,38.2,40.1,(NA),(NA),(NA),(NA),(NA),(NA),(NA),(NA),(NA),(NA),(NA),(NA),(NA),(NA),(NA),(NA),(NA),(NA),
,,1972,58.2,58.2,58.2,60.4,60.3,60.5,(NA),(NA),(NA),36.6,35.7,37.2,(NA),(NA),(NA),(NA),(NA),(NA),(NA),(NA),(NA),(NA),(NA),(NA),(NA),(NA),(NA),(NA),(NA),(NA),
,,1971,56.4,56.3,56.6,58.6,58.4,58.8,(NA),(NA),(NA),34.7,33.8,35.4,(NA),(NA),(NA),(NA),(NA),(NA),(NA),(NA),(NA),(NA),(NA),(NA),(NA),(NA),(NA),(NA),(NA),(NA),
,,1970,55.2,55.0,55.4,57.4,57.2,57.6,(NA),(NA),(NA),33.7,32.4,34.8,(NA),(NA),(NA),(NA),(NA),(NA),(NA),(NA),(NA),(NA),(NA),(NA),(NA),(NA),(NA),(NA),(NA),(NA),
,,1969,54.0,53.6,54.4,56.3,55.7,56.7,(NA),(NA),(NA),32.3,31.9,32.6,(NA),(NA),(NA),(NA),(NA),(NA),(NA),(NA),(NA),(NA),(NA),(NA),(NA),(NA),(NA),(NA),(NA),(NA),
,,1968,52.6,52.0,53.2,54.9,54.3,55.5,(NA),(NA),(NA),30.1,28.9,31.0,(NA),(NA),(NA),(NA),(NA),(NA),(NA),(NA),(NA),(NA),(NA),(NA),(NA),(NA),(NA),(NA),(NA),(NA),
,,1967,51.1,50.5,51.7,53.4,52.8,53.8,(NA),(NA),(NA),29.5,27.1,31.5,(NA),(NA),(NA),(NA),(NA),(NA),(NA),(NA),(NA),(NA),(NA),(NA),(NA),(NA),(NA),(NA),(NA),(NA),
,,1966,49.9,49.0,50.8,52.2,51.3,53.0,(NA),(NA),(NA),27.8,25.8,29.5,(NA),(NA),(NA),(NA),(NA),(NA),(NA),(NA),(NA),(NA),(NA),(NA),(NA),(NA),(NA),(NA),(NA),(NA),
,,1965,49.0,48.0,49.9,51.3,50.2,52.2,(NA),(NA),(NA),27.2,25.8,28.4,(NA),(NA),(NA),(NA),(NA),(NA),(NA),(NA),(NA),(NA),(NA),(NA),(NA),(NA),(NA),(NA),(NA),(NA),
,,1964,48.0,47.0,48.9,50.3,49.3,51.2,(NA),(NA),(NA),25.7,23.7,27.4,(NA),(NA),(NA),(NA),(NA),(NA),(NA),(NA),(NA),(NA),(NA),(NA),(NA),(NA),(NA),(NA),(NA),(NA),
,,1962,46.3,45.0,47.5,48.7,47.4,49.9,(NA),(NA),(NA),24.8,23.2,26.2,(NA),(NA),(NA),(NA),(NA),(NA),(NA),(NA),(NA),(NA),(NA),(NA),(NA),(NA),(NA),(NA),(NA),(NA),
,,1959,43.7,42.2,45.2,46.1,44.5,47.7,(NA),(NA),(NA),20.7,19.6,21.6,(NA),(NA),(NA),(NA),(NA),(NA),(NA),(NA),(NA),(NA),(NA),(NA),(NA),(NA),(NA),(NA),(NA),(NA),
,,1957,41.6,39.7,43.3,43.2,41.1,45.1,(NA),(NA),(NA),18.4,16.9,19.7,(NA),(NA),(NA),(NA),(NA),(NA),(NA),(NA),(NA),(NA),(NA),(NA),(NA),(NA),(NA),(NA),(NA),(NA),
,,1952,38.8,36.9,40.5,(NA),(NA),(NA),(NA),(NA),(NA),15.0,14.0,15.7,(NA),(NA),(NA),(NA),(NA),(NA),(NA),(NA),(NA),(NA),(NA),(NA),(NA),(NA),(NA),(NA),(NA),(NA),
,,1950,34.3,32.6,36.0,(NA),(NA),(NA),(NA),(NA),(NA),13.7,12.5,14.7,(NA),(NA),(NA),(NA),(NA),(NA),(NA),(NA),(NA),(NA),(NA),(NA),(NA),(NA),(NA),(NA),(NA),(NA),
,,1947,33.1,31.4,34.7,35.0,33.2,36.7,(NA),(NA),(NA),13.6,12.7,14.5,(NA),(NA),(NA),(NA),(NA),(NA),(NA),(NA),(NA),(NA),(NA),(NA),(NA),(NA),(NA),(NA),(NA),(NA),
,,1940,24.5,22.7,26.3,26.1,24.2,28.1,(NA),(NA),(NA),7.7,6.9,8.4,(NA),(NA),(NA),(NA),(NA),(NA),(NA),(NA),(NA),(NA),(NA),(NA),(NA),(NA),(NA),(NA),(NA),(NA),
,,,,,,,,,,,,,,,,,,,,,,,,,,,,,,,,,
,Completed 4 Years of College or more,,,,,,,,,,,,,,,,,,,,,,,,,,,,,,,,
,,2020,37.5,36.7,38.3,37.5,36.8,38.2,41.3,41.0,41.7,27.8,24.7,30.5,61.1,63.0,59.4,20.8,19.4,22.3,37.4,36.7,38.2,41.2,40.8,41.6,28.1,24.9,30.8,60.3,61.6,59.1,
,,2019,36.0,35.4,36.6,36.3,35.7,36.8,40.1,39.9,40.3,26.1,24.1,27.7,58.1,60.4,56.1,18.8,16.9,20.8,36.2,35.5,36.8,40.0,39.8,40.2,26.3,24.3,28.0,57.7,59.6,56.0,
,,2018,35.0,34.6,35.3,35.2,34.9,35.5,38.8,38.9,38.8,25.2,23.2,26.9,56.5,59.3,54.0,18.3,16.6,20.1,35.1,34.7,35.5,38.7,38.8,38.7,25.4,23.2,27.1,56.0,58.6,53.7,
,,2017,34.2,33.7,34.6,34.5,34.0,35.0,38.1,37.8,38.3,23.9,22.1,25.4,54.8,56.6,53.2,17.2,15.8,18.6,34.4,33.9,34.9,38.0,37.8,38.3,24.2,22.3,25.7,54.4,55.9,53.2,
,,2016,33.4,33.2,33.7,33.7,33.4,34.0,37.3,37.2,37.3,23.3,21.7,24.6,55.9,58.8,53.4,16.4,15.4,17.4,33.6,33.3,33.9,37.2,37.1,37.3,23.5,21.8,24.9,55.4,57.9,53.3,
,,2015,32.5,32.3,32.7,32.8,32.6,32.9,36.2,36.3,36.1,22.5,20.6,24.0,53.9,56.8,51.5,15.5,14.3,16.6,32.7,32.5,32.9,36.2,36.2,36.1,22.7,20.7,24.2,53.7,56.2,51.5,
,,2014,32.0,31.9,32.0,32.3,32.3,32.3,35.6,35.9,35.3,22.2,20.4,23.7,52.3,54.7,50.3,15.2,14.2,16.1,32.2,32.2,32.3,35.5,35.8,35.3,22.7,20.6,24.3,52.2,54.2,50.4,
,,2013,31.7,32.0,31.4,32.0,32.4,31.6,35.2,36.0,34.4,21.8,19.8,23.3,53.2,56.1,50.8,15.1,13.9,16.2,31.9,32.3,31.5,35.1,35.9,34.4,22.0,20.0,23.6,52.8,55.5,50.5,
,,2012,30.9,31.4,30.6,31.3,31.9,30.8,34.5,35.5,33.5,21.2,19.2,22.9,51.0,53.7,48.8,14.5,13.3,15.8,31.2,31.8,30.7,34.4,35.4,33.4,21.4,19.4,22.9,50.4,52.6,48.6,
,,2011,30.4,30.8,30.1,31.0,31.5,30.5,34.0,35.0,33.1,19.9,18.0,21.4,50.3,53.4,47.7,14.1,13.1,15.2,30.9,31.4,30.5,33.9,34.9,33.1,20.1,18.2,21.6,49.9,52.8,47.3,
,,2010,29.9,30.3,29.6,30.3,30.8,29.9,33.2,34.2,32.4,19.8,17.7,21.4,52.4,55.6,49.5,13.9,12.9,14.9,30.2,30.7,29.8,33.2,34.1,32.3,19.9,17.7,21.6,51.8,54.7,49.3,
,,2009,29.5,30.1,29.1,29.9,30.6,29.3,32.9,33.9,31.9,19.3,17.8,20.6,52.3,55.7,49.3,13.2,12.5,14.0,29.8,30.4,29.3,32.8,33.8,31.8,19.4,17.8,20.7,51.8,54.8,49.2,
,,2008,29.4,30.1,28.8,29.8,30.5,29.1,32.6,33.8,31.5,19.6,18.7,20.4,52.6,55.8,49.8,13.3,12.6,14.1,29.7,30.3,29.0,32.5,33.6,31.4,19.8,18.8,20.5,52.0,54.6,49.8,
,,2007,28.7,29.5,28.0,29.1,29.9,28.3,31.8,33.2,30.6,18.5,18.0,19.0,52.1,55.2,49.3,12.7,11.8,13.7,29.0,29.8,28.3,31.7,33.0,30.5,18.7,18.2,19.1,47.1,49.1,45.4,
,,2006,28.0,29.2,26.9,28.4,29.7,27.1,31.0,32.8,29.3,18.5,17.2,19.4,49.7,52.5,47.1,12.4,11.9,12.9,28.3,29.6,27.0,30.9,32.7,29.2,18.7,17.4,19.7,49.0,51.4,46.8,
,,2005,27.7,28.9,26.5,28.1,29.4,26.8,30.6,32.4,28.9,17.6,16.0,18.8,50.2,54.0,46.8,12.0,11.8,12.1,28.0,29.3,26.7,30.5,32.3,28.9,17.6,16.0,18.9,49.8,53.3,46.6,
,,2004,27.7,29.4,26.1,28.2,30.0,26.4,30.6,32.9,28.4,17.6,16.6,18.5,49.4,53.7,45.6,12.1,11.8,12.3,28.0,29.9,26.3,30.5,32.8,28.3,17.7,16.5,18.6,48.9,52.8,45.4,
,,2003,27.2,28.9,25.7,27.6,29.4,25.9,30.0,32.3,27.9,17.3,16.7,17.8,49.8,53.9,46.1,11.4,11.2,11.6,27.5,29.3,25.8,29.9,32.2,27.9,17.5,16.8,18.0,49.2,52.7,46.0,
,,2002,26.7,28.5,25.1,27.2,29.1,25.4,29.4,31.7,27.3,17.0,16.4,17.5,(NA),(NA),(NA),11.1,11.0,11.2,(NA),(NA),(NA),(NA),(NA),(NA),(NA),(NA),(NA),(NA),(NA),(NA),
,,2001,26.2,28.2,24.3,26.6,28.7,24.6,28.7,31.3,26.3,15.7,15.3,16.1,(NA),(NA),(NA),11.1,10.8,11.4,(NA),(NA),(NA),(NA),(NA),(NA),(NA),(NA),(NA),(NA),(NA),(NA),
,,2000,25.6,27.8,23.6,26.1,28.5,23.9,28.1,30.8,25.5,16.5,16.3,16.7,(NA),(NA),(NA),10.6,10.7,10.6,(NA),(NA),(NA),(NA),(NA),(NA),(NA),(NA),(NA),(NA),(NA),(NA),
,,1999,25.2,27.5,23.1,25.9,28.5,23.5,27.7,30.6,25.0,15.4,14.2,16.4,(NA),(NA),(NA),10.9,10.7,11.0,(NA),(NA),(NA),(NA),(NA),(NA),(NA),(NA),(NA),(NA),(NA),(NA),
,,1998,24.4,26.5,22.4,25.0,27.3,22.8,26.6,29.3,24.1,14.7,13.9,15.4,(NA),(NA),(NA),11.0,11.1,10.9,(NA),(NA),(NA),(NA),(NA),(NA),(NA),(NA),(NA),(NA),(NA),(NA),
,,1997,23.9,26.2,21.7,24.6,27.0,22.3,26.2,29.0,23.7,13.3,12.5,13.9,(NA),(NA),(NA),10.3,10.6,10.1,(NA),(NA),(NA),(NA),(NA),(NA),(NA),(NA),(NA),(NA),(NA),(NA),
,,1996,23.6,26.0,21.4,24.3,26.9,21.8,25.9,28.8,23.2,13.6,12.4,14.6,(NA),(NA),(NA),9.3,10.3,8.3,(NA),(NA),(NA),(NA),(NA),(NA),(NA),(NA),(NA),(NA),(NA),(NA),
,,1995,23.0,26.0,20.2,24.0,27.2,21.0,25.4,28.9,22.1,13.2,13.6,12.9,(NA),(NA),(NA),9.3,10.1,8.4,(NA),(NA),(NA),(NA),(NA),(NA),(NA),(NA),(NA),(NA),(NA),(NA),
,,1994,22.2,25.1,19.6,22.9,26.1,20.0,24.3,27.8,21.1,12.9,12.8,13.0,(NA),(NA),(NA),9.1,9.6,8.6,(NA),(NA),(NA),(NA),(NA),(NA),(NA),(NA),(NA),(NA),(NA),(NA),
,,1993,21.9,24.8,19.2,22.6,25.7,19.7,23.8,27.2,20.7,12.2,11.9,12.4,(NA),(NA),(NA),9.0,9.5,8.5,(NA),(NA),(NA),(NA),(NA),(NA),(NA),(NA),(NA),(NA),(NA),(NA),
,,1992,21.4,24.3,18.6,22.1,25.2,19.1,(NA),(NA),(NA),11.9,11.9,12.0,(NA),(NA),(NA),9.3,10.2,8.5,(NA),(NA),(NA),(NA),(NA),(NA),(NA),(NA),(NA),(NA),(NA),(NA),
,,1991,21.4,24.3,18.8,22.2,25.4,19.3,(NA),(NA),(NA),11.5,11.4,11.6,(NA),(NA),(NA),9.7,10.0,9.4,(NA),(NA),(NA),(NA),(NA),(NA),(NA),(NA),(NA),(NA),(NA),(NA),
,,1990,21.3,24.4,18.4,22.0,25.3,19.0,(NA),(NA),(NA),11.3,11.9,10.8,(NA),(NA),(NA),9.2,9.8,8.7,(NA),(NA),(NA),(NA),(NA),(NA),(NA),(NA),(NA),(NA),(NA),(NA),
,,1989,21.1,24.5,18.1,21.8,25.4,18.5,(NA),(NA),(NA),11.8,11.7,11.9,(NA),(NA),(NA),9.9,11.0,8.8,(NA),(NA),(NA),(NA),(NA),(NA),(NA),(NA),(NA),(NA),(NA),(NA),
,,1988,20.3,24.0,17.0,20.9,25.0,17.3,(NA),(NA),(NA),11.2,11.1,11.4,(NA),(NA),(NA),10.1,12.3,8.1,(NA),(NA),(NA),(NA),(NA),(NA),(NA),(NA),(NA),(NA),(NA),(NA),
,,1987,19.9,23.6,16.5,20.5,24.5,16.9,(NA),(NA),(NA),10.7,11.0,10.4,(NA),(NA),(NA),8.6,9.7,7.5,(NA),(NA),(NA),(NA),(NA),(NA),(NA),(NA),(NA),(NA),(NA),(NA),
,,1986,19.4,23.2,16.1,20.1,24.1,16.4,(NA),(NA),(NA),10.9,11.2,10.7,(NA),(NA),(NA),8.4,9.5,7.4,(NA),(NA),(NA),(NA),(NA),(NA),(NA),(NA),(NA),(NA),(NA),(NA),
,,1985,19.4,23.1,16.0,20.0,24.0,16.3,(NA),(NA),(NA),11.1,11.2,11.0,(NA),(NA),(NA),8.5,9.7,7.3,(NA),(NA),(NA),(NA),(NA),(NA),(NA),(NA),(NA),(NA),(NA),(NA),
,,1984,19.1,22.9,15.7,19.8,23.9,16.0,(NA),(NA),(NA),10.4,10.4,10.4,(NA),(NA),(NA),8.2,9.5,7.0,(NA),(NA),(NA),(NA),(NA),(NA),(NA),(NA),(NA),(NA),(NA),(NA),
,,1983,18.8,23.0,15.1,19.5,24.0,15.4,(NA),(NA),(NA),9.5,10.0,9.2,(NA),(NA),(NA),7.9,9.2,6.8,(NA),(NA),(NA),(NA),(NA),(NA),(NA),(NA),(NA),(NA),(NA),(NA),
,,1982,17.7,21.9,14.0,18.5,23.0,14.4,(NA),(NA),(NA),8.8,9.1,8.5,(NA),(NA),(NA),7.8,9.6,6.2,(NA),(NA),(NA),(NA),(NA),(NA),(NA),(NA),(NA),(NA),(NA),(NA),
,,1981,17.1,21.1,13.4,17.8,22.2,13.8,(NA),(NA),(NA),8.2,8.2,8.2,(NA),(NA),(NA),7.7,9.7,5.9,(NA),(NA),(NA),(NA),(NA),(NA),(NA),(NA),(NA),(NA),(NA),(NA),
,,1980,17.0,20.9,13.6,17.8,22.1,14.0,(NA),(NA),(NA),7.9,7.7,8.1,(NA),(NA),(NA),7.9,9.7,6.2,(NA),(NA),(NA),(NA),(NA),(NA),(NA),(NA),(NA),(NA),(NA),(NA),
,,1979,16.4,20.4,12.9,17.2,21.4,13.3,(NA),(NA),(NA),7.9,8.3,7.5,(NA),(NA),(NA),6.7,8.2,5.3,(NA),(NA),(NA),(NA),(NA),(NA),(NA),(NA),(NA),(NA),(NA),(NA),
,,1978,15.7,19.7,12.2,16.4,20.7,12.6,(NA),(NA),(NA),7.2,7.3,7.1,(NA),(NA),(NA),7.0,8.6,5.7,(NA),(NA),(NA),(NA),(NA),(NA),(NA),(NA),(NA),(NA),(NA),(NA),
,,1977,15.4,19.2,12.0,16.1,20.2,12.4,(NA),(NA),(NA),7.2,7.0,7.4,(NA),(NA),(NA),6.2,8.1,4.4,(NA),(NA),(NA),(NA),(NA),(NA),(NA),(NA),(NA),(NA),(NA),(NA),
,,1976,14.7,18.6,11.3,15.4,19.6,11.6,(NA),(NA),(NA),6.6,6.3,6.8,(NA),(NA),(NA),6.1,8.6,4.0,(NA),(NA),(NA),(NA),(NA),(NA),(NA),(NA),(NA),(NA),(NA),(NA),
,,1975,13.9,17.6,10.6,14.5,18.4,11.0,(NA),(NA),(NA),6.4,6.7,6.2,(NA),(NA),(NA),6.3,8.3,4.6,(NA),(NA),(NA),(NA),(NA),(NA),(NA),(NA),(NA),(NA),(NA),(NA),
,,1974,13.3,16.9,10.1,14.0,17.7,10.6,(NA),(NA),(NA),5.5,5.7,5.3,(NA),(NA),(NA),5.5,7.1,4.0,(NA),(NA),(NA),(NA),(NA),(NA),(NA),(NA),(NA),(NA),(NA),(NA),
,,1973,12.6,16.0,9.6,13.1,16.8,9.9,(NA),(NA),(NA),6.0,5.9,6.0,(NA),(NA),(NA),(NA),(NA),(NA),(NA),(NA),(NA),(NA),(NA),(NA),(NA),(NA),(NA),(NA),(NA),(NA),
,,1972,12.0,15.4,9.0,12.6,16.2,9.4,(NA),(NA),(NA),5.1,5.5,4.8,(NA),(NA),(NA),(NA),(NA),(NA),(NA),(NA),(NA),(NA),(NA),(NA),(NA),(NA),(NA),(NA),(NA),(NA),
,,1971,11.4,14.6,8.5,12.0,15.5,8.9,(NA),(NA),(NA),4.5,4.7,4.3,(NA),(NA),(NA),(NA),(NA),(NA),(NA),(NA),(NA),(NA),(NA),(NA),(NA),(NA),(NA),(NA),(NA),(NA),
,,1970,11.0,14.1,8.2,11.6,15.0,8.6,(NA),(NA),(NA),4.5,4.6,4.4,(NA),(NA),(NA),(NA),(NA),(NA),(NA),(NA),(NA),(NA),(NA),(NA),(NA),(NA),(NA),(NA),(NA),(NA),
,,1969,10.7,13.6,8.1,11.2,14.3,8.5,(NA),(NA),(NA),4.6,4.8,4.5,(NA),(NA),(NA),(NA),(NA),(NA),(NA),(NA),(NA),(NA),(NA),(NA),(NA),(NA),(NA),(NA),(NA),(NA),
,,1968,10.5,13.3,8.0,11.0,14.1,8.3,(NA),(NA),(NA),4.3,3.7,4.8,(NA),(NA),(NA),(NA),(NA),(NA),(NA),(NA),(NA),(NA),(NA),(NA),(NA),(NA),(NA),(NA),(NA),(NA),
,,1967,10.1,12.8,7.6,10.6,13.6,7.9,(NA),(NA),(NA),4.0,3.4,4.4,(NA),(NA),(NA),(NA),(NA),(NA),(NA),(NA),(NA),(NA),(NA),(NA),(NA),(NA),(NA),(NA),(NA),(NA),
,,1966,9.8,12.5,7.4,10.4,13.3,7.7,(NA),(NA),(NA),3.8,3.9,3.7,(NA),(NA),(NA),(NA),(NA),(NA),(NA),(NA),(NA),(NA),(NA),(NA),(NA),(NA),(NA),(NA),(NA),(NA),
,,1965,9.4,12.0,7.1,9.9,12.7,7.3,(NA),(NA),(NA),4.7,4.9,4.5,(NA),(NA),(NA),(NA),(NA),(NA),(NA),(NA),(NA),(NA),(NA),(NA),(NA),(NA),(NA),(NA),(NA),(NA),
,,1964,9.1,11.7,6.8,9.6,12.3,7.1,(NA),(NA),(NA),3.9,4.5,3.4,(NA),(NA),(NA),(NA),(NA),(NA),(NA),(NA),(NA),(NA),(NA),(NA),(NA),(NA),(NA),(NA),(NA),(NA),
,,1962,8.9,11.4,6.7,9.5,12.2,7.0,(NA),(NA),(NA),4.0,3.9,4.0,(NA),(NA),(NA),(NA),(NA),(NA),(NA),(NA),(NA),(NA),(NA),(NA),(NA),(NA),(NA),(NA),(NA),(NA),
,,1959,8.1,10.3,6.0,8.6,11.0,6.2,(NA),(NA),(NA),3.3,3.8,2.9,(NA),(NA),(NA),(NA),(NA),(NA),(NA),(NA),(NA),(NA),(NA),(NA),(NA),(NA),(NA),(NA),(NA),(NA),
,,1957,7.6,9.6,5.8,8.0,10.1,6.0,(NA),(NA),(NA),2.9,2.7,3.0,(NA),(NA),(NA),(NA),(NA),(NA),(NA),(NA),(NA),(NA),(NA),(NA),(NA),(NA),(NA),(NA),(NA),(NA),
,,1952,7.0,8.3,5.8,(NA),(NA),(NA),(NA),(NA),(NA),2.4,2.0,2.7,(NA),(NA),(NA),(NA),(NA),(NA),(NA),(NA),(NA),(NA),(NA),(NA),(NA),(NA),(NA),(NA),(NA),(NA),
,,1950,6.2,7.3,5.2,(NA),(NA),(NA),(NA),(NA),(NA),2.3,2.1,2.4,(NA),(NA),(NA),(NA),(NA),(NA),(NA),(NA),(NA),(NA),(NA),(NA),(NA),(NA),(NA),(NA),(NA),(NA),
,,1947,5.4,6.2,4.7,5.7,6.6,4.9,(NA),(NA),(NA),2.5,2.4,2.6,(NA),(NA),(NA),(NA),(NA),(NA),(NA),(NA),(NA),(NA),(NA),(NA),(NA),(NA),(NA),(NA),(NA),(NA),
,,1940,4.6,5.5,3.8,4.9,5.9,4.0,(NA),(NA),(NA),1.3,1.4,1.2,(NA),(NA),(NA),(NA),(NA),(NA),(NA),(NA),(NA),(NA),(NA),(NA),(NA),(NA),(NA),(NA),(NA),(NA),
,,,,,,,,,,,,,,,,,,,,,,,,,,,,,,,,,
25 TO 29 YEARS,,,,,,,,,,,,,,,,,,,,,,,,,,,,,,,,,
,,,,,,,,,,,,,,,,,,,,,,,,,,,,,,,,,
,Completed 4 Years of High School or more,,,,,,,,,,,,,,,,,,,,,,,,,,,,,,,,
,,2020,94.8,94.6,94.9,94.7,94.7,94.7,96.4,96.3,96.6,94.9,94.0,95.9,96.6,96.2,97.1,89.9,90.4,89.3,94.6,94.7,94.6,96.3,96.3,96.3,94.7,93.9,95.4,96.3,96.1,96.5,
,,2019,93.5,92.7,94.3,93.8,93.3,94.2,96.3,96.2,96.4,91.0,88.9,93.0,97.0,97.0,97.1,86.4,84.6,88.4,93.8,93.3,94.3,96.3,96.2,96.4,91.4,89.3,93.4,96.7,96.2,97.2,
,,2018,92.9,91.9,94.0,92.9,91.7,94.1,95.6,95.0,96.3,92.0,90.7,93.1,97.5,97.6,97.4,85.2,83.4,87.2,92.9,91.7,94.1,95.6,94.9,96.2,92.2,90.8,93.4,97.5,97.6,97.5,
,,2017,92.5,91.5,93.4,92.4,91.2,93.7,95.6,94.8,96.4,91.8,91.2,92.4,96.8,97.7,95.9,82.7,80.7,84.8,92.3,91.2,93.5,95.6,94.8,96.3,91.8,90.9,92.6,96.9,97.9,95.9,
,,2016,91.7,90.9,92.5,91.6,90.6,92.7,95.2,94.8,95.7,90.6,90.8,90.4,96.5,95.9,97.1,80.6,78.3,83.2,91.7,90.7,92.7,95.2,94.9,95.6,90.7,91.0,90.5,96.7,96.2,97.2,
,,2015,91.2,90.5,91.8,90.8,90.0,91.7,95.4,95.1,95.8,92.2,91.4,93.0,95.5,96.3,94.7,77.1,75.7,78.6,90.8,90.0,91.6,95.4,95.2,95.6,92.2,91.5,92.8,95.5,95.8,95.1,
,,2014,90.8,90.1,91.5,90.9,90.2,91.7,95.6,95.4,95.9,89.8,90.2,89.4,96.7,96.3,97.2,74.7,72.4,77.4,90.8,89.9,91.7,95.6,95.4,95.9,89.1,88.9,89.3,96.9,96.3,97.4,
,,2013,89.9,88.3,91.5,89.5,88.0,91.1,94.1,93.3,94.9,89.8,87.3,92.1,94.7,93.6,95.7,75.8,73.1,78.8,89.6,88.1,91.1,94.2,93.4,95.0,89.5,87.0,91.7,94.9,94.0,95.9,
,,2012,89.7,88.4,91.1,89.6,88.3,90.9,94.6,93.8,95.3,88.5,87.1,89.7,95.7,96.2,95.3,75.0,73.3,76.9,89.6,88.2,91.0,94.6,93.8,95.4,88.4,86.8,89.8,95.5,96.1,94.8,
,,2011,89.0,87.5,90.7,88.9,87.1,90.8,94.4,93.4,95.5,87.7,87.6,87.8,95.2,93.6,96.7,71.5,69.2,74.3,88.9,87.1,90.8,94.4,93.3,95.5,87.9,87.6,88.3,94.7,92.8,96.5,
,,2010,88.8,87.4,90.2,88.5,87.3,89.9,94.5,94.6,94.4,89.0,86.7,91.0,93.2,92.3,94.1,69.4,65.7,74.1,88.5,87.3,89.8,94.4,94.5,94.3,89.9,86.5,91.0,93.1,92.3,93.9,
,,2009,88.6,87.5,89.8,88.4,87.0,89.9,94.6,94.4,94.8,88.9,88.6,89.1,95.2,95.6,94.9,68.9,66.2,72.5,88.4,87.0,89.9,94.5,94.4,94.6,88.8,88.5,89.1,95.1,95.7,94.6,
,,2008,87.8,85.8,89.9,87.6,85.5,89.8,93.7,92.6,94.7,87.4,85.4,89.2,95.6,95.4,95.7,68.3,65.6,71.9,87.6,85.5,89.8,93.7,92.6,94.8,87.7,85.6,89.4,95.7,95.5,95.9,
,,2007,87.0,84.9,89.1,86.5,84.2,89.0,93.5,92.7,94.2,87.4,87.0,87.8,97.2,95.8,98.5,65.0,60.5,70.7,86.5,84.2,88.8,93.4,92.7,94.1,87.4,87.0,87.8,96.3,95.8,96.8,
,,2006,86.4,84.4,88.5,86.1,84.1,88.3,93.4,92.3,94.6,85.6,83.1,87.8,96.6,97.2,96.0,63.3,60.6,66.7,86.0,83.9,88.2,93.3,92.2,94.5,85.6,83.2,87.7,96.0,96.4,95.7,
,,2005,86.2,85.0,87.4,85.7,84.3,87.1,92.8,91.8,93.8,86.5,86.4,86.6,95.5,96.7,94.5,63.3,63.2,63.4,85.6,84.2,87.0,92.8,91.7,93.8,86.6,86.4,86.7,95.5,96.7,94.4,
,,2004,86.6,85.2,88.0,85.9,83.7,88.1,93.3,92.1,94.5,87.9,90.1,86.1,96.2,96.9,95.4,62.4,60.1,65.2,85.9,83.9,87.9,93.2,92.1,94.4,87.8,89.9,86.2,95.7,97.0,94.5,
,,2003,86.5,84.9,88.2,85.7,83.8,87.6,93.7,92.8,94.5,87.6,86.4,88.5,97.1,97.4,96.8,61.7,59.6,64.2,85.7,83.9,87.6,93.6,92.8,94.4,87.4,86.4,88.5,97.2,97.5,97.0,
,,2002,86.4,84.7,88.1,85.9,84.1,87.7,93.0,92.1,93.8,86.6,85.0,88.0,(NA),(NA),(NA),62.4,60.2,65.0,(NA),(NA),(NA),(NA),(NA),(NA),(NA),(NA),(NA),(NA),(NA),(NA),
,,2001,86.8,85.3,88.3,86.4,84.6,88.3,93.4,93.1,93.7,86.3,85.4,87.0,(NA),(NA),(NA),62.4,58.3,67.3,(NA),(NA),(NA),(NA),(NA),(NA),(NA),(NA),(NA),(NA),(NA),(NA),
,,2000,88.1,86.7,89.4,88.3,86.6,90.0,94.0,92.9,95.2,85.9,86.6,85.3,(NA),(NA),(NA),62.8,59.2,66.4,(NA),(NA),(NA),(NA),(NA),(NA),(NA),(NA),(NA),(NA),(NA),(NA),
,,1999,87.8,86.1,89.5,87.6,85.8,89.3,93.0,91.9,94.1,88.2,87.7,88.6,(NA),(NA),(NA),61.6,57.4,66.0,(NA),(NA),(NA),(NA),(NA),(NA),(NA),(NA),(NA),(NA),(NA),(NA),
,,1998,88.1,86.6,89.6,88.1,86.3,90.0,93.6,92.5,94.6,87.6,87.6,87.6,(NA),(NA),(NA),62.8,59.9,66.3,(NA),(NA),(NA),(NA),(NA),(NA),(NA),(NA),(NA),(NA),(NA),(NA),
,,1997,87.4,85.8,88.9,87.6,85.8,89.4,92.9,91.7,94.0,86.2,85.2,87.1,(NA),(NA),(NA),61.8,59.2,64.9,(NA),(NA),(NA),(NA),(NA),(NA),(NA),(NA),(NA),(NA),(NA),(NA),
,,1996,87.3,86.5,88.1,87.5,86.3,88.8,92.6,92.0,93.1,85.6,87.2,84.2,(NA),(NA),(NA),61.1,59.7,62.9,(NA),(NA),(NA),(NA),(NA),(NA),(NA),(NA),(NA),(NA),(NA),(NA),
,,1995,86.8,86.3,87.4,87.4,86.6,88.2,92.5,92.0,93.0,86.5,88.1,85.1,(NA),(NA),(NA),57.1,55.7,58.7,(NA),(NA),(NA),(NA),(NA),(NA),(NA),(NA),(NA),(NA),(NA),(NA),
,,1994,86.1,84.5,87.6,86.5,84.7,88.3,91.1,90.0,92.3,84.1,82.9,85.0,(NA),(NA),(NA),60.3,58.0,63.0,(NA),(NA),(NA),(NA),(NA),(NA),(NA),(NA),(NA),(NA),(NA),(NA),
,,1993,86.7,86.0,87.4,87.3,86.1,88.5,91.2,90.6,91.8,82.8,85.0,80.9,(NA),(NA),(NA),60.9,58.3,64.0,(NA),(NA),(NA),(NA),(NA),(NA),(NA),(NA),(NA),(NA),(NA),(NA),
,,1992,86.3,86.1,86.5,87.0,86.5,87.6,(NA),(NA),(NA),80.9,82.5,79.5,(NA),(NA),(NA),60.9,61.1,60.6,(NA),(NA),(NA),(NA),(NA),(NA),(NA),(NA),(NA),(NA),(NA),(NA),
,,1991,85.4,84.9,85.8,85.8,85.1,86.6,(NA),(NA),(NA),81.7,83.5,80.1,(NA),(NA),(NA),56.7,56.4,57.1,(NA),(NA),(NA),(NA),(NA),(NA),(NA),(NA),(NA),(NA),(NA),(NA),
,,1990,85.7,84.4,87.0,86.3,84.6,88.1,(NA),(NA),(NA),81.7,81.5,81.8,(NA),(NA),(NA),58.2,56.6,59.9,(NA),(NA),(NA),(NA),(NA),(NA),(NA),(NA),(NA),(NA),(NA),(NA),
,,1989,85.5,84.4,86.5,86.0,84.8,87.1,(NA),(NA),(NA),82.2,80.6,83.6,(NA),(NA),(NA),61.0,61.0,61.0,(NA),(NA),(NA),(NA),(NA),(NA),(NA),(NA),(NA),(NA),(NA),(NA),
,,1988,85.7,84.4,87.0,86.5,84.8,88.2,(NA),(NA),(NA),80.7,80.6,80.7,(NA),(NA),(NA),62.0,59.4,65.0,(NA),(NA),(NA),(NA),(NA),(NA),(NA),(NA),(NA),(NA),(NA),(NA),
,,1987,86.0,85.5,86.4,86.3,85.6,87.0,(NA),(NA),(NA),83.3,84.8,82.1,(NA),(NA),(NA),59.8,58.6,61.0,(NA),(NA),(NA),(NA),(NA),(NA),(NA),(NA),(NA),(NA),(NA),(NA),
,,1986,86.1,85.9,86.4,86.5,85.6,87.4,(NA),(NA),(NA),83.4,86.5,80.6,(NA),(NA),(NA),59.1,58.2,60.0,(NA),(NA),(NA),(NA),(NA),(NA),(NA),(NA),(NA),(NA),(NA),(NA),
,,1985,86.1,85.9,86.4,86.8,86.4,87.3,(NA),(NA),(NA),80.6,80.8,80.4,(NA),(NA),(NA),60.9,58.6,63.1,(NA),(NA),(NA),(NA),(NA),(NA),(NA),(NA),(NA),(NA),(NA),(NA),
,,1984,85.9,85.6,86.3,86.9,86.8,87.0,(NA),(NA),(NA),78.9,75.9,81.5,(NA),(NA),(NA),58.6,56.8,60.2,(NA),(NA),(NA),(NA),(NA),(NA),(NA),(NA),(NA),(NA),(NA),(NA),
,,1983,86.0,86.0,86.0,86.9,86.9,86.9,(NA),(NA),(NA),79.4,78.9,79.8,(NA),(NA),(NA),58.3,57.8,58.9,(NA),(NA),(NA),(NA),(NA),(NA),(NA),(NA),(NA),(NA),(NA),(NA),
,,1982,86.2,86.3,86.1,86.9,87.0,86.8,(NA),(NA),(NA),80.9,80.5,81.3,(NA),(NA),(NA),60.9,60.7,61.2,(NA),(NA),(NA),(NA),(NA),(NA),(NA),(NA),(NA),(NA),(NA),(NA),
,,1981,86.3,86.5,86.1,87.6,87.6,87.6,(NA),(NA),(NA),77.3,78.4,76.4,(NA),(NA),(NA),59.8,59.1,60.4,(NA),(NA),(NA),(NA),(NA),(NA),(NA),(NA),(NA),(NA),(NA),(NA),
,,1980,85.4,85.4,85.5,86.9,86.8,87.0,(NA),(NA),(NA),76.6,74.8,78.1,(NA),(NA),(NA),58.6,58.3,58.8,(NA),(NA),(NA),(NA),(NA),(NA),(NA),(NA),(NA),(NA),(NA),(NA),
,,1979,85.6,86.3,84.9,87.0,87.7,86.4,(NA),(NA),(NA),74.8,73.9,75.4,(NA),(NA),(NA),57.0,55.5,58.5,(NA),(NA),(NA),(NA),(NA),(NA),(NA),(NA),(NA),(NA),(NA),(NA),
,,1978,85.3,86.0,84.6,86.3,86.8,85.8,(NA),(NA),(NA),77.3,78.5,76.3,(NA),(NA),(NA),56.6,58.5,54.7,(NA),(NA),(NA),(NA),(NA),(NA),(NA),(NA),(NA),(NA),(NA),(NA),
,,1977,85.4,86.6,84.2,86.8,87.6,86.0,(NA),(NA),(NA),74.4,77.5,72.0,(NA),(NA),(NA),58.1,62.1,54.8,(NA),(NA),(NA),(NA),(NA),(NA),(NA),(NA),(NA),(NA),(NA),(NA),
,,1976,84.7,86.0,83.5,85.9,87.3,84.6,(NA),(NA),(NA),73.8,72.5,74.9,(NA),(NA),(NA),58.1,57.6,58.4,(NA),(NA),(NA),(NA),(NA),(NA),(NA),(NA),(NA),(NA),(NA),(NA),
,,1975,83.1,84.5,81.8,84.4,85.7,83.2,(NA),(NA),(NA),71.0,72.2,70.1,(NA),(NA),(NA),51.7,51.1,52.1,(NA),(NA),(NA),(NA),(NA),(NA),(NA),(NA),(NA),(NA),(NA),(NA),
,,1974,81.9,83.1,80.8,83.4,84.1,82.7,(NA),(NA),(NA),68.2,71.1,66.0,(NA),(NA),(NA),52.5,55.1,49.9,(NA),(NA),(NA),(NA),(NA),(NA),(NA),(NA),(NA),(NA),(NA),(NA),
,,1973,80.2,80.6,79.8,82.0,82.4,81.6,(NA),(NA),(NA),64.2,63.1,64.9,(NA),(NA),(NA),(NA),(NA),(NA),(NA),(NA),(NA),(NA),(NA),(NA),(NA),(NA),(NA),(NA),(NA),(NA),
,,1972,79.8,80.5,79.2,81.5,82.3,80.8,(NA),(NA),(NA),64.1,61.8,66.2,(NA),(NA),(NA),(NA),(NA),(NA),(NA),(NA),(NA),(NA),(NA),(NA),(NA),(NA),(NA),(NA),(NA),(NA),
,,1971,77.2,78.1,76.4,79.5,80.8,78.3,(NA),(NA),(NA),57.5,54.1,60.7,(NA),(NA),(NA),(NA),(NA),(NA),(NA),(NA),(NA),(NA),(NA),(NA),(NA),(NA),(NA),(NA),(NA),(NA),
,,1970,75.4,76.6,74.2,77.8,79.2,76.4,(NA),(NA),(NA),56.2,54.5,57.9,(NA),(NA),(NA),(NA),(NA),(NA),(NA),(NA),(NA),(NA),(NA),(NA),(NA),(NA),(NA),(NA),(NA),(NA),
,,1969,74.7,75.6,73.8,77.0,77.5,76.6,(NA),(NA),(NA),55.8,59.8,52.3,(NA),(NA),(NA),(NA),(NA),(NA),(NA),(NA),(NA),(NA),(NA),(NA),(NA),(NA),(NA),(NA),(NA),(NA),
,,1968,73.2,73.7,72.7,75.3,75.5,75.0,(NA),(NA),(NA),55.8,58.1,53.6,(NA),(NA),(NA),(NA),(NA),(NA),(NA),(NA),(NA),(NA),(NA),(NA),(NA),(NA),(NA),(NA),(NA),(NA),
,,1967,72.5,72.1,72.9,74.8,74.3,75.3,(NA),(NA),(NA),53.4,51.7,55.0,(NA),(NA),(NA),(NA),(NA),(NA),(NA),(NA),(NA),(NA),(NA),(NA),(NA),(NA),(NA),(NA),(NA),(NA),
,,1966,71.0,70.9,71.2,73.8,73.2,74.4,(NA),(NA),(NA),47.9,48.9,47.0,(NA),(NA),(NA),(NA),(NA),(NA),(NA),(NA),(NA),(NA),(NA),(NA),(NA),(NA),(NA),(NA),(NA),(NA),
,,1965,70.3,70.5,70.1,72.8,72.7,72.8,(NA),(NA),(NA),50.3,50.3,50.4,(NA),(NA),(NA),(NA),(NA),(NA),(NA),(NA),(NA),(NA),(NA),(NA),(NA),(NA),(NA),(NA),(NA),(NA),
,,1964,69.2,68.8,69.5,72.1,71.8,72.4,(NA),(NA),(NA),45.0,41.6,47.9,(NA),(NA),(NA),(NA),(NA),(NA),(NA),(NA),(NA),(NA),(NA),(NA),(NA),(NA),(NA),(NA),(NA),(NA),
,,1962,65.9,65.8,66.1,69.2,69.2,69.3,(NA),(NA),(NA),41.6,38.9,43.8,(NA),(NA),(NA),(NA),(NA),(NA),(NA),(NA),(NA),(NA),(NA),(NA),(NA),(NA),(NA),(NA),(NA),(NA),
,,1959,63.9,63.9,64.0,67.2,66.9,67.4,(NA),(NA),(NA),39.5,40.6,38.6,(NA),(NA),(NA),(NA),(NA),(NA),(NA),(NA),(NA),(NA),(NA),(NA),(NA),(NA),(NA),(NA),(NA),(NA),
,,1957,60.2,57.9,62.4,63.3,60.7,65.7,(NA),(NA),(NA),31.6,27.4,35.2,(NA),(NA),(NA),(NA),(NA),(NA),(NA),(NA),(NA),(NA),(NA),(NA),(NA),(NA),(NA),(NA),(NA),(NA),
,,1952,57.1,55.3,58.7,(NA),(NA),(NA),(NA),(NA),(NA),28.1,27.9,28.3,(NA),(NA),(NA),(NA),(NA),(NA),(NA),(NA),(NA),(NA),(NA),(NA),(NA),(NA),(NA),(NA),(NA),(NA),
,,1950,52.8,50.6,55.0,(NA),(NA),(NA),(NA),(NA),(NA),23.6,21.3,25.5,(NA),(NA),(NA),(NA),(NA),(NA),(NA),(NA),(NA),(NA),(NA),(NA),(NA),(NA),(NA),(NA),(NA),(NA),
,,1947,51.4,49.4,53.3,54.9,52.9,56.8,(NA),(NA),(NA),22.3,19.6,24.7,(NA),(NA),(NA),(NA),(NA),(NA),(NA),(NA),(NA),(NA),(NA),(NA),(NA),(NA),(NA),(NA),(NA),(NA),
,,1940,38.1,36.0,40.1,41.2,38.9,43.4,(NA),(NA),(NA),12.3,10.6,13.6,(NA),(NA),(NA),(NA),(NA),(NA),(NA),(NA),(NA),(NA),(NA),(NA),(NA),(NA),(NA),(NA),(NA),(NA),
,,,,,,,,,,,,,,,,,,,,,,,,,,,,,,,,,
,Completed 4 Years of College or more,,,,,,,,,,,,,,,,,,,,,,,,,,,,,,,,
,,,,,,,,,,,,,,,,,,,,,,,,,,,,,,,,,
,,,,,,,,,,,,,,,,,,,,,,,,,,,,,,,,,
,,2020,39.2,34.7,43.8,39.1,34.6,43.9,44.6,39.2,50.1,27.9,23.3,32.3,71.0,68.4,73.5,24.9,22.9,27.0,38.9,34.2,43.9,44.1,38.6,49.8,28.2,23.0,33.1,68.3,64.3,72.4,
,,2019,38.7,35.7,41.8,38.6,34.7,42.7,44.9,40.8,49.2,29.0,28.4,29.5,70.1,69.5,70.6,20.6,18.2,23.1,38.3,34.6,42.2,44.6,40.7,48.7,29.1,28.3,29.8,67.8,67.4,68.3,
,,2018,37.0,33.2,40.8,37.9,33.6,42.4,43.5,38.8,48.4,22.3,18.6,25.7,69.5,68.3,70.8,20.7,18.4,23.2,37.5,33.2,42.0,43.1,38.4,47.9,22.0,18.0,25.5,67.5,66.3,68.7,
,,2017,35.7,32.0,39.3,36.4,32.2,40.7,42.1,37.7,46.5,22.2,20.4,23.9,61.9,58.1,65.9,18.5,15.0,22.4,36.2,32.1,40.4,41.8,37.5,46.3,22.4,20.6,24.1,61.2,56.9,65.7,
,,2016,36.1,32.7,39.5,37.0,33.6,40.5,42.9,39.5,46.3,22.7,20.2,25.0,64.7,60.3,68.8,18.7,16.2,21.5,36.7,33.2,40.4,42.5,38.9,46.1,22.9,20.1,25.4,63.2,58.3,67.8,
,,2015,35.6,32.4,38.9,36.7,33.2,40.3,43.0,39.5,46.6,20.5,16.5,24.2,65.0,62.8,67.2,16.4,14.5,18.5,36.4,33.0,40.0,42.6,39.1,46.3,20.7,17.0,24.1,63.5,60.6,66.3,
,,2014,34.0,30.9,37.2,34.8,31.6,38.2,40.8,37.7,43.9,21.5,19.5,23.4,61.7,56.3,66.5,15.1,12.4,18.3,34.5,31.2,38.0,40.6,37.4,43.8,21.4,18.7,23.9,60.0,54.4,65.3,
,,2013,33.6,30.2,37.0,34.3,30.8,37.9,40.4,37.1,43.8,20.1,16.8,23.1,59.0,54.3,63.2,15.7,13.1,18.6,34.1,30.6,37.7,40.1,36.8,43.5,19.8,16.6,22.8,58.1,53.7,62.2,
,,2012,33.5,29.8,37.2,33.7,29.9,37.6,39.8,36.0,43.6,22.7,18.5,26.2,60.8,56.8,64.5,14.8,12.5,17.4,33.5,29.8,37.4,39.6,35.9,43.4,22.8,18.1,27.0,59.6,55.7,63.4,
,,2011,32.2,28.4,36.1,33.1,29.2,37.4,39.2,35.5,43.0,19.6,16.1,22.8,56.2,51.5,60.6,12.8,9.6,16.8,33.0,29.0,37.1,39.0,35.4,42.7,19.8,16.3,22.9,55.7,52.0,59.1,
,,2010,31.7,27.8,35.7,32.7,28.8,37.0,38.6,34.8,42.4,19.0,14.8,22.9,55.4,52.0,58.6,13.5,10.8,16.8,32.6,28.6,36.8,38.4,34.6,42.3,19.3,14.8,23.5,53.7,49.6,57.6,
,,2009,30.6,26.6,34.8,31.3,27.0,36.0,37.2,32.6,42.0,19.0,15.2,22.4,59.3,58.0,60.6,12.2,11.0,13.8,31.1,26.8,35.9,37.1,32.4,41.9,19.0,15.0,22.6,58.0,56.7,59.3,
,,2008,30.8,26.8,34.9,31.1,26.7,35.9,37.1,32.6,41.7,20.6,18.7,22.3,59.4,55.1,63.5,12.4,10.0,15.5,31.0,26.6,35.8,36.9,32.4,41.5,20.9,19.3,22.3,57.4,52.9,61.8,
,,2007,29.6,26.3,33.0,29.8,25.8,34.0,35.5,31.9,39.2,18.9,17.9,19.9,60.9,59.8,62.0,11.6,8.6,15.4,29.7,25.7,33.8,35.3,31.7,39.0,19.1,18.1,19.9,59.0,57.8,60.1,
,,2006,28.4,25.3,31.6,28.3,25.0,31.7,34.3,31.4,37.2,18.6,14.9,21.6,60.9,59.8,61.9,9.5,6.9,12.8,28.1,24.8,31.6,34.1,31.2,37.0,18.9,15.0,22.3,59.4,58.4,60.5,
,,2005,28.8,25.5,32.2,28.9,25.3,32.7,34.5,30.7,38.2,17.4,14.1,20.1,61.6,60.5,62.5,11.2,10.2,12.4,28.8,25.3,32.5,34.3,30.6,38.1,17.6,14.6,20.3,60.3,59.0,61.5,
,,2004,28.7,26.1,31.4,28.9,25.8,32.1,34.5,31.4,37.5,16.9,13.4,19.7,61.4,62.0,60.9,10.9,9.6,12.4,28.7,25.7,31.8,34.2,31.2,37.2,16.8,13.4,19.5,59.9,61.1,58.9,
,,2003,28.4,26.0,30.9,28.3,25.3,31.5,34.2,31.4,37.1,17.2,17.5,17.0,61.6,60.9,62.3,10.0,8.4,12.0,28.2,25.2,31.4,34.0,31.2,36.9,17.3,17.4,17.3,60.3,58.8,61.7,
,,2002,29.3,26.9,31.8,29.7,26.5,33.1,35.9,32.6,39.2,17.5,17.4,17.7,(NA),(NA),(NA),8.9,8.3,9.7,(NA),(NA),(NA),(NA),(NA),(NA),(NA),(NA),(NA),(NA),(NA),(NA),
,,2001,28.4,25.5,31.3,28.5,25.1,32.1,33.7,30.4,36.9,16.8,15.6,17.9,(NA),(NA),(NA),10.5,8.2,13.3,(NA),(NA),(NA),(NA),(NA),(NA),(NA),(NA),(NA),(NA),(NA),(NA),
,,2000,29.1,27.9,30.1,29.6,27.8,31.3,34.0,32.3,35.8,17.5,18.1,17.0,(NA),(NA),(NA),9.7,8.3,11.0,(NA),(NA),(NA),(NA),(NA),(NA),(NA),(NA),(NA),(NA),(NA),(NA),
,,1999,28.2,26.8,29.5,29.3,27.6,30.9,33.6,32.0,35.1,15.0,13.1,16.5,(NA),(NA),(NA),8.9,7.5,10.4,(NA),(NA),(NA),(NA),(NA),(NA),(NA),(NA),(NA),(NA),(NA),(NA),
,,1998,27.3,25.6,29.0,28.4,26.5,30.4,32.3,30.5,34.2,15.8,14.2,17.0,(NA),(NA),(NA),10.4,9.5,11.3,(NA),(NA),(NA),(NA),(NA),(NA),(NA),(NA),(NA),(NA),(NA),(NA),
,,1997,27.8,26.3,29.3,28.9,27.2,30.7,32.6,31.2,34.1,14.4,12.1,16.4,(NA),(NA),(NA),11.0,9.6,10.1,(NA),(NA),(NA),(NA),(NA),(NA),(NA),(NA),(NA),(NA),(NA),(NA),
,,1996,27.1,26.1,28.2,28.1,27.2,29.1,31.6,30.9,32.3,14.6,12.4,16.4,(NA),(NA),(NA),10.0,10.2,9.8,(NA),(NA),(NA),(NA),(NA),(NA),(NA),(NA),(NA),(NA),(NA),(NA),
,,1995,24.7,24.5,24.9,26.0,25.4,26.6,28.8,28.4,29.2,15.3,17.2,13.6,(NA),(NA),(NA),8.9,7.8,10.1,(NA),(NA),(NA),(NA),(NA),(NA),(NA),(NA),(NA),(NA),(NA),(NA),
,,1994,23.3,22.5,24.0,24.2,23.6,24.8,27.1,26.8,27.4,13.7,11.7,15.4,(NA),(NA),(NA),8.0,6.6,9.8,(NA),(NA),(NA),(NA),(NA),(NA),(NA),(NA),(NA),(NA),(NA),(NA),
,,1993,23.7,23.4,23.9,24.7,24.4,25.1,27.2,27.2,27.1,13.2,12.6,13.8,(NA),(NA),(NA),8.3,7.1,9.8,(NA),(NA),(NA),(NA),(NA),(NA),(NA),(NA),(NA),(NA),(NA),(NA),
,,1992,23.6,23.2,24.0,25.0,24.2,25.7,(NA),(NA),(NA),11.3,12.0,10.6,(NA),(NA),(NA),9.5,8.8,10.3,(NA),(NA),(NA),(NA),(NA),(NA),(NA),(NA),(NA),(NA),(NA),(NA),
,,1991,23.2,23.0,23.4,24.6,24.1,25.0,(NA),(NA),(NA),11.0,11.5,10.6,(NA),(NA),(NA),9.2,8.1,10.4,(NA),(NA),(NA),(NA),(NA),(NA),(NA),(NA),(NA),(NA),(NA),(NA),
,,1990,23.2,23.7,22.8,24.2,24.2,24.3,(NA),(NA),(NA),13.4,15.1,11.9,(NA),(NA),(NA),8.1,7.3,9.1,(NA),(NA),(NA),(NA),(NA),(NA),(NA),(NA),(NA),(NA),(NA),(NA),
,,1989,23.4,23.9,22.9,24.4,24.8,24.0,(NA),(NA),(NA),12.7,12.0,13.3,(NA),(NA),(NA),10.1,9.6,10.6,(NA),(NA),(NA),(NA),(NA),(NA),(NA),(NA),(NA),(NA),(NA),(NA),
,,1988,22.5,23.2,21.9,23.5,24.0,22.9,(NA),(NA),(NA),12.2,12.6,11.9,(NA),(NA),(NA),11.4,12.1,10.6,(NA),(NA),(NA),(NA),(NA),(NA),(NA),(NA),(NA),(NA),(NA),(NA),
,,1987,22.0,22.3,21.7,23.0,23.3,22.8,(NA),(NA),(NA),11.4,11.6,11.1,(NA),(NA),(NA),8.7,9.2,8.2,(NA),(NA),(NA),(NA),(NA),(NA),(NA),(NA),(NA),(NA),(NA),(NA),
,,1986,22.4,22.9,21.9,23.5,24.1,22.9,(NA),(NA),(NA),11.8,10.1,13.3,(NA),(NA),(NA),9.0,8.9,9.1,(NA),(NA),(NA),(NA),(NA),(NA),(NA),(NA),(NA),(NA),(NA),(NA),
,,1985,22.2,23.1,21.3,23.2,24.2,22.2,(NA),(NA),(NA),11.5,10.3,12.6,(NA),(NA),(NA),11.1,10.9,11.2,(NA),(NA),(NA),(NA),(NA),(NA),(NA),(NA),(NA),(NA),(NA),(NA),
,,1984,21.9,23.2,20.7,23.1,24.3,21.9,(NA),(NA),(NA),11.6,12.9,10.5,(NA),(NA),(NA),10.6,9.6,11.6,(NA),(NA),(NA),(NA),(NA),(NA),(NA),(NA),(NA),(NA),(NA),(NA),
,,1983,22.5,23.9,21.1,23.4,25.0,21.8,(NA),(NA),(NA),12.9,13.1,12.8,(NA),(NA),(NA),10.4,9.6,11.1,(NA),(NA),(NA),(NA),(NA),(NA),(NA),(NA),(NA),(NA),(NA),(NA),
,,1982,21.7,23.3,20.2,22.7,24.5,20.9,(NA),(NA),(NA),12.6,11.8,13.2,(NA),(NA),(NA),9.7,10.7,8.7,(NA),(NA),(NA),(NA),(NA),(NA),(NA),(NA),(NA),(NA),(NA),(NA),
,,1981,21.3,23.1,19.6,22.4,24.3,20.5,(NA),(NA),(NA),11.6,12.1,11.1,(NA),(NA),(NA),7.5,8.6,6.5,(NA),(NA),(NA),(NA),(NA),(NA),(NA),(NA),(NA),(NA),(NA),(NA),
,,1980,22.5,24.0,21.0,23.7,25.5,22.0,(NA),(NA),(NA),11.6,10.5,12.5,(NA),(NA),(NA),7.7,8.4,6.9,(NA),(NA),(NA),(NA),(NA),(NA),(NA),(NA),(NA),(NA),(NA),(NA),
,,1979,23.1,25.6,20.5,24.3,27.1,21.5,(NA),(NA),(NA),12.4,13.3,11.7,(NA),(NA),(NA),7.3,7.9,6.8,(NA),(NA),(NA),(NA),(NA),(NA),(NA),(NA),(NA),(NA),(NA),(NA),
,,1978,23.3,26.0,20.6,24.5,27.6,21.4,(NA),(NA),(NA),11.8,10.7,12.6,(NA),(NA),(NA),9.6,9.6,9.7,(NA),(NA),(NA),(NA),(NA),(NA),(NA),(NA),(NA),(NA),(NA),(NA),
,,1977,24.0,27.0,21.1,25.3,28.5,22.1,(NA),(NA),(NA),12.6,12.8,12.4,(NA),(NA),(NA),6.7,7.2,6.4,(NA),(NA),(NA),(NA),(NA),(NA),(NA),(NA),(NA),(NA),(NA),(NA),
,,1976,23.7,27.5,20.1,24.6,28.7,20.6,(NA),(NA),(NA),13.0,12.0,13.6,(NA),(NA),(NA),7.4,10.3,4.8,(NA),(NA),(NA),(NA),(NA),(NA),(NA),(NA),(NA),(NA),(NA),(NA),
,,1975,21.9,25.1,18.7,22.8,26.3,19.4,(NA),(NA),(NA),10.7,11.4,10.1,(NA),(NA),(NA),8.8,10.0,7.3,(NA),(NA),(NA),(NA),(NA),(NA),(NA),(NA),(NA),(NA),(NA),(NA),
,,1974,20.7,23.9,17.6,22.0,25.3,18.8,(NA),(NA),(NA),7.9,8.8,7.2,(NA),(NA),(NA),5.7,7.2,4.6,(NA),(NA),(NA),(NA),(NA),(NA),(NA),(NA),(NA),(NA),(NA),(NA),
,,1973,19.0,21.6,16.4,19.9,22.8,17.0,(NA),(NA),(NA),8.1,7.1,8.8,(NA),(NA),(NA),(NA),(NA),(NA),(NA),(NA),(NA),(NA),(NA),(NA),(NA),(NA),(NA),(NA),(NA),(NA),
,,1972,19.0,22.0,16.0,19.9,23.1,16.7,(NA),(NA),(NA),8.3,7.1,9.4,(NA),(NA),(NA),(NA),(NA),(NA),(NA),(NA),(NA),(NA),(NA),(NA),(NA),(NA),(NA),(NA),(NA),(NA),
,,1971,16.9,20.1,13.8,17.9,21.3,14.6,(NA),(NA),(NA),6.4,6.4,6.5,(NA),(NA),(NA),(NA),(NA),(NA),(NA),(NA),(NA),(NA),(NA),(NA),(NA),(NA),(NA),(NA),(NA),(NA),
,,1970,16.4,20.0,12.9,17.3,21.3,13.3,(NA),(NA),(NA),7.3,6.7,8.0,(NA),(NA),(NA),(NA),(NA),(NA),(NA),(NA),(NA),(NA),(NA),(NA),(NA),(NA),(NA),(NA),(NA),(NA),
,,1969,16.0,19.4,12.8,17.0,20.6,13.4,(NA),(NA),(NA),6.7,8.1,5.5,(NA),(NA),(NA),(NA),(NA),(NA),(NA),(NA),(NA),(NA),(NA),(NA),(NA),(NA),(NA),(NA),(NA),(NA),
,,1968,14.7,18.0,11.6,15.6,19.1,12.3,(NA),(NA),(NA),5.3,5.3,5.3,(NA),(NA),(NA),(NA),(NA),(NA),(NA),(NA),(NA),(NA),(NA),(NA),(NA),(NA),(NA),(NA),(NA),(NA),
,,1967,14.6,17.2,12.1,15.5,18.3,12.7,(NA),(NA),(NA),5.4,4.2,6.3,(NA),(NA),(NA),(NA),(NA),(NA),(NA),(NA),(NA),(NA),(NA),(NA),(NA),(NA),(NA),(NA),(NA),(NA),
,,1966,14.0,16.8,11.3,14.7,17.9,11.8,(NA),(NA),(NA),5.9,5.4,6.4,(NA),(NA),(NA),(NA),(NA),(NA),(NA),(NA),(NA),(NA),(NA),(NA),(NA),(NA),(NA),(NA),(NA),(NA),
,,1965,12.4,15.6,9.5,13.0,16.4,9.8,(NA),(NA),(NA),6.8,7.3,6.8,(NA),(NA),(NA),(NA),(NA),(NA),(NA),(NA),(NA),(NA),(NA),(NA),(NA),(NA),(NA),(NA),(NA),(NA),
,,1964,12.8,16.6,9.2,13.6,17.5,9.9,(NA),(NA),(NA),5.5,7.5,3.9,(NA),(NA),(NA),(NA),(NA),(NA),(NA),(NA),(NA),(NA),(NA),(NA),(NA),(NA),(NA),(NA),(NA),(NA),
,,1962,13.1,17.2,9.2,14.3,18.7,10.0,(NA),(NA),(NA),4.2,5.7,3.0,(NA),(NA),(NA),(NA),(NA),(NA),(NA),(NA),(NA),(NA),(NA),(NA),(NA),(NA),(NA),(NA),(NA),(NA),
,,1959,11.1,14.8,7.6,11.9,15.9,8.1,(NA),(NA),(NA),4.6,5.6,3.7,(NA),(NA),(NA),(NA),(NA),(NA),(NA),(NA),(NA),(NA),(NA),(NA),(NA),(NA),(NA),(NA),(NA),(NA),
,,1957,10.4,13.5,7.5,11.1,14.5,7.8,(NA),(NA),(NA),4.1,3.3,5.0,(NA),(NA),(NA),(NA),(NA),(NA),(NA),(NA),(NA),(NA),(NA),(NA),(NA),(NA),(NA),(NA),(NA),(NA),
,,1952,10.1,13.8,6.7,(NA),(NA),(NA),(NA),(NA),(NA),4.6,3.2,5.8,(NA),(NA),(NA),(NA),(NA),(NA),(NA),(NA),(NA),(NA),(NA),(NA),(NA),(NA),(NA),(NA),(NA),(NA),
,,1950,7.7,9.6,5.9,(NA),(NA),(NA),(NA),(NA),(NA),2.9,2.4,3.2,(NA),(NA),(NA),(NA),(NA),(NA),(NA),(NA),(NA),(NA),(NA),(NA),(NA),(NA),(NA),(NA),(NA),(NA),
,,1947,5.6,5.8,5.4,5.9,6.2,5.7,(NA),(NA),(NA),2.8,2.6,2.9,(NA),(NA),(NA),(NA),(NA),(NA),(NA),(NA),(NA),(NA),(NA),(NA),(NA),(NA),(NA),(NA),(NA),(NA),
,,1940,5.9,6.9,4.9,6.4,7.5,5.3,(NA),(NA),(NA),1.6,1.5,1.7,(NA),(NA),(NA),(NA),(NA),(NA),(NA),(NA),(NA),(NA),(NA),(NA),(NA),(NA),(NA),(NA),(NA),(NA),
Notes:,,,,,,,,,,,,,,,,,,,,,,,,,,,,,,,,,
"Starting in 2012, data were calculated using population controls based on the 2010 Census.",,,,,,,,,,,,,,,,,,,,,,,,,,,,,,,,,
"Starting in 2003, respondents could choose more than one race.  The race data in this table for White, non-Hispanic White, Black, and Asian from 2003 onward represent those respondents who indicated only one racial identity. Prior to 2003, Asians were grouped with Pacific Islanders.",,,,,,,,,,,,,,,,,,,,,,,,,,,,,,,,,
"Starting in 2001, data were calculated using population controls based on Census 2000.",,,,,,,,,,,,,,,,,,,,,,,,,,,,,,,,,
"Beginning with data for 1992, a new question results in different categories than for earlier years:",,,,,,,,,,,,,,,,,,,,,,,,,,,,,,,,,
"Data shown as 'Completed 4 Years of High School or more' is now collected in the category 'High School Graduate.'  Data shown as 'College 1 to 3 years' is now collected in the 'Some college' and the two 'Associate degree' categories.  Data shown as 'Completed 4 Years of College or more', is now collected in the categories, 'Bachelor's degree,' 'Master's degree,' 'Doctorate degree,' and 'Professional degree'.  Due to the change in question format, median years of schooling cannot be derived.",,,,,,,,,,,,,,,,,,,,,,,,,,,,,,,,,
"Data in the column labeled ""Black"" include Black and other races from 1940 to 1962: from 1963 to 2003, data are for the Black population only.",,,,,,,,,,,,,,,,,,,,,,,,,,,,,,,,,
" - Starting in 2001, data are from the expanded Current Population Survey sample.",,,,,,,,,,,,,,,,,,,,,,,,,,,,,,,,,
 - (NA) - Not Available,,,,,,,,,,,,,,,,,,,,,,,,,,,,,,,,,
 - Details may not sum to totals due to rounding.,,,,,,,,,,,,,,,,,,,,,,,,,,,,,,,,,
"For more information on confidentiality protection, sampling error, nonsampling error, and definitions, see <https://www2.census.gov/programs-surveys/cps/techdocs/cpsmar20.pdf>",,,,,,,,,,,,,,,,,,,,,,,,,,,,,,,,,
"Source:  U.S. Census Bureau, 1947, and 1952 to 2002 March Current Population Survey, 2003 to 2020 Annual Social and Economic Supplement to the Current Population Survey (noninstitutionalized population, excluding members of the Armed Forces living in barracks); 1950 Census of Population and 1940 Census of Population (resident population).",,,,,,,,,,,,,,,,,,,,,,,,,,,,,,,,,
"Contact: U.S. Census Bureau, Education and Social Stratification Branch, (301) 763-2464.",,,,,,,,,,,,,,,,,,,,,,,,,,,,,,,,,
